{"fullscreen":true,"width":240,"height":240,"scale":1,"startScene":"main","version":"0.5.0","clearColor":[0.3137254901960784,0.3058823529411765,0.3058823529411765,1]}